,year,winning_team_id,losing_team_id,seed_diff,in_tourney_last_year
0,1986,1177,1438,-7,1
1,1986,1181,1290,15,1
2,1986,1207,1403,9,0
3,1986,1210,1265,13,1
4,1986,1242,1299,15,0
5,1986,1257,1180,13,0
6,1986,1261,1345,-5,0
7,1986,1272,1123,11,1
8,1986,1277,1449,7,0
9,1986,1314,1428,11,1
10,1986,1328,1318,9,0
11,1986,1330,1452,1,1
12,1986,1396,1239,-1,1
13,1986,1412,1281,5,1
14,1986,1437,1439,-3,0
15,1986,1104,1462,7,1
16,1986,1114,1323,-11,-1
17,1986,1120,1112,1,0
18,1986,1156,1231,-11,0
19,1986,1228,1193,9,1
20,1986,1235,1275,3,0
21,1986,1246,1172,15,1
22,1986,1268,1337,7,0
23,1986,1276,1103,13,1
24,1986,1298,1409,3,0
25,1986,1301,1234,5,0
26,1986,1385,1286,15,1
27,1986,1386,1350,5,0
28,1986,1393,1135,13,1
29,1986,1424,1419,9,1
30,1986,1443,1304,1,0
31,1986,1177,1328,-8,0
32,1986,1181,1330,7,0
33,1986,1210,1437,8,0
34,1986,1242,1396,8,0
35,1986,1257,1133,5,0
36,1986,1261,1272,-8,0
37,1986,1277,1207,-1,0
38,1986,1314,1412,3,0
39,1986,1104,1228,-1,0
40,1986,1120,1385,-7,0
41,1986,1156,1386,-8,0
42,1986,1235,1276,-5,0
43,1986,1246,1443,7,1
44,1986,1298,1393,-5,0
45,1986,1301,1114,8,1
46,1986,1424,1268,1,0
47,1986,1120,1424,-4,0
48,1986,1246,1104,4,0
49,1986,1257,1314,1,-1
50,1986,1261,1210,-9,0
51,1986,1181,1177,11,0
52,1986,1242,1277,4,0
53,1986,1298,1156,7,1
54,1986,1301,1235,1,0
55,1986,1257,1120,6,-1
56,1986,1261,1246,-10,0
57,1986,1181,1298,6,0
58,1986,1242,1301,5,0
59,1986,1181,1242,0,0
60,1986,1257,1261,9,-1
61,1986,1257,1181,-1,-1
62,1987,1104,1299,13,0
63,1987,1120,1360,1,1
64,1987,1122,1228,-11,-1
65,1987,1181,1401,7,1
66,1987,1231,1193,15,0
67,1987,1243,1208,-1,0
68,1987,1276,1298,-1,0
69,1987,1309,1140,3,0
70,1987,1314,1335,15,1
71,1987,1323,1292,7,1
72,1987,1344,1412,5,-1
73,1987,1395,1267,9,0
74,1987,1417,1141,9,0
75,1987,1424,1226,15,1
76,1987,1461,1438,-7,-1
77,1987,1462,1281,-9,0
78,1987,1177,1256,11,1
79,1987,1196,1301,5,-1
80,1987,1207,1137,15,1
81,1987,1234,1365,13,1
82,1987,1242,1222,7,1
83,1987,1261,1210,-3,0
84,1987,1283,1155,-9,0
85,1987,1326,1246,-1,-1
86,1987,1328,1409,5,0
87,1987,1338,1265,11,-1
88,1987,1345,1318,11,0
89,1987,1385,1455,5,1
90,1987,1393,1204,13,1
91,1987,1396,1380,13,1
92,1987,1431,1112,3,0
93,1987,1443,1452,-3,0
94,1987,1104,1309,5,1
95,1987,1181,1462,8,0
96,1987,1231,1120,7,0
97,1987,1314,1276,8,0
98,1987,1323,1395,-1,1
99,1987,1344,1122,8,0
100,1987,1424,1243,8,1
101,1987,1461,1417,-8,0
102,1987,1177,1385,3,0
103,1987,1196,1345,-3,-1
104,1987,1207,1326,8,1
105,1987,1234,1431,5,0
106,1987,1242,1283,8,1
107,1987,1261,1396,-8,0
108,1987,1328,1338,-3,1
109,1987,1393,1443,8,0
110,1987,1207,1242,4,0
111,1987,1314,1323,4,0
112,1987,1344,1104,-4,-1
113,1987,1393,1196,4,1
114,1987,1231,1181,4,0
115,1987,1234,1328,4,0
116,1987,1261,1177,-7,0
117,1987,1424,1461,11,1
118,1987,1344,1207,-5,-1
119,1987,1393,1314,-1,0
120,1987,1231,1261,9,0
121,1987,1424,1234,1,0
122,1987,1231,1424,0,0
123,1987,1393,1344,4,1
124,1987,1231,1393,1,0
125,1988,1120,1133,1,1
126,1988,1140,1150,9,1
127,1988,1177,1455,7,0
128,1988,1181,1131,13,1
129,1988,1196,1385,5,0
130,1988,1243,1247,9,1
131,1988,1257,1333,7,0
132,1988,1258,1461,-3,-1
133,1988,1272,1124,-1,0
134,1988,1276,1129,11,1
135,1988,1314,1317,13,1
136,1988,1328,1151,15,1
137,1988,1345,1192,15,1
138,1988,1348,1281,-5,-1
139,1988,1374,1323,3,-1
140,1988,1393,1299,11,0
141,1988,1112,1165,15,1
142,1988,1207,1261,1,0
143,1988,1210,1235,7,1
144,1988,1228,1427,11,1
145,1988,1234,1199,7,1
146,1988,1242,1462,5,0
147,1988,1246,1380,13,0
148,1988,1268,1364,3,0
149,1988,1293,1301,-11,-1
150,1988,1338,1185,13,1
151,1988,1350,1231,-9,-1
152,1988,1371,1431,1,-1
153,1988,1396,1250,15,1
154,1988,1424,1283,9,0
155,1988,1435,1429,3,0
156,1988,1437,1116,5,0
157,1988,1181,1374,5,1
158,1988,1243,1177,1,0
159,1988,1257,1140,-1,-1
160,1988,1276,1196,3,0
161,1988,1314,1258,8,1
162,1988,1328,1120,7,0
163,1988,1345,1272,8,1
164,1988,1348,1393,-8,-1
165,1988,1112,1371,7,1
166,1988,1234,1424,-1,0
167,1988,1242,1293,8,1
168,1988,1246,1268,5,1
169,1988,1350,1210,-8,-1
170,1988,1396,1207,7,0
171,1988,1435,1338,-5,-1
172,1988,1437,1228,-3,-1
173,1988,1181,1348,9,1
174,1988,1328,1257,4,1
175,1988,1396,1350,12,1
176,1988,1437,1246,-4,-1
177,1988,1112,1234,4,0
178,1988,1242,1435,1,1
179,1988,1243,1345,-3,0
180,1988,1314,1276,1,0
181,1988,1181,1396,-1,0
182,1988,1328,1437,5,1
183,1988,1112,1314,1,0
184,1988,1242,1243,-2,0
185,1988,1242,1181,-4,0
186,1988,1328,1112,0,0
187,1988,1242,1328,-5,0
188,1989,1112,1352,15,1
189,1989,1116,1258,7,0
190,1989,1123,1338,-1,-1
191,1989,1155,1388,-1,0
192,1989,1177,1272,-7,0
193,1989,1181,1354,13,1
194,1989,1228,1270,15,1
195,1989,1256,1247,-1,-1
196,1989,1257,1114,9,1
197,1989,1278,1243,-5,-1
198,1989,1292,1199,-9,-1
199,1989,1328,1190,15,1
200,1989,1373,1390,-11,0
201,1989,1424,1225,9,1
202,1989,1438,1344,7,0
203,1989,1452,1397,3,0
204,1989,1161,1196,-3,-1
205,1989,1191,1333,-5,-1
206,1989,1207,1343,15,1
207,1989,1231,1206,13,1
208,1989,1234,1353,9,1
209,1989,1276,1462,11,0
210,1989,1281,1166,11,1
211,1989,1301,1376,7,1
212,1989,1314,1380,13,0
213,1989,1323,1435,-1,0
214,1989,1371,1283,11,0
215,1989,1375,1104,-5,0
216,1989,1393,1137,13,1
217,1989,1400,1210,-5,-1
218,1989,1417,1235,3,-1
219,1989,1431,1261,3,0
220,1989,1112,1155,8,1
221,1989,1181,1452,5,1
222,1989,1228,1123,8,1
223,1989,1257,1116,1,0
224,1989,1278,1373,3,0
225,1989,1328,1256,8,1
226,1989,1424,1177,8,0
227,1989,1438,1292,8,0
228,1989,1207,1323,8,0
229,1989,1231,1431,5,0
230,1989,1276,1375,8,1
231,1989,1281,1400,8,1
232,1989,1301,1234,-1,0
233,1989,1314,1417,5,1
234,1989,1371,1191,8,1
235,1989,1393,1161,8,1
236,1989,1276,1314,-1,0
237,1989,1371,1231,-1,0
238,1989,1424,1112,-3,0
239,1989,1438,1328,-4,-1
240,1989,1181,1278,9,1
241,1989,1207,1301,4,0
242,1989,1228,1257,3,0
243,1989,1393,1281,1,0
244,1989,1276,1438,2,1
245,1989,1371,1424,1,0
246,1989,1181,1207,-1,0
247,1989,1228,1393,1,0
248,1989,1276,1228,-2,0
249,1989,1371,1181,-1,0
250,1989,1276,1371,0,0
251,1990,1116,1343,9,0
252,1990,1123,1333,-7,0
253,1990,1143,1231,-1,-1
254,1990,1155,1140,7,1
255,1990,1163,1131,15,0
256,1990,1173,1228,-7,-1
257,1990,1210,1190,9,0
258,1990,1247,1379,9,1
259,1990,1257,1225,9,0
260,1990,1261,1437,7,1
261,1990,1277,1293,15,0
262,1990,1314,1283,1,0
263,1990,1326,1344,1,-1
264,1990,1328,1406,15,1
265,1990,1364,1222,-1,0
266,1990,1424,1114,15,0
267,1990,1104,1161,3,0
268,1990,1112,1378,13,1
269,1990,1181,1350,11,1
270,1990,1207,1411,11,1
271,1990,1242,1352,13,-1
272,1990,1258,1308,-5,1
273,1990,1276,1229,11,1
274,1990,1278,1431,5,0
275,1990,1320,1281,-11,-1
276,1990,1345,1419,13,0
277,1990,1385,1396,5,0
278,1990,1393,1164,13,1
279,1990,1400,1208,-3,1
280,1990,1417,1412,3,1
281,1990,1438,1323,3,0
282,1990,1462,1243,5,0
283,1990,1116,1173,8,1
284,1990,1123,1257,-8,0
285,1990,1155,1247,-1,0
286,1990,1163,1143,8,0
287,1990,1210,1261,1,0
288,1990,1277,1364,8,0
289,1990,1314,1328,-7,0
290,1990,1424,1326,7,1
291,1990,1104,1112,-5,0
292,1990,1181,1385,3,1
293,1990,1258,1276,-8,0
294,1990,1278,1320,8,1
295,1990,1393,1438,5,0
296,1990,1400,1345,-8,1
297,1990,1417,1242,-5,1
298,1990,1462,1207,-3,0
299,1990,1116,1314,4,0
300,1990,1163,1155,4,-1
301,1990,1181,1417,4,0
302,1990,1400,1462,-4,0
303,1990,1210,1277,-3,1
304,1990,1258,1104,-4,0
305,1990,1278,1393,-4,0
306,1990,1424,1123,11,0
307,1990,1116,1400,6,0
308,1990,1181,1163,-2,1
309,1990,1210,1278,2,0
310,1990,1424,1258,10,0
311,1990,1181,1116,1,0
312,1990,1424,1210,3,0
313,1990,1424,1181,2,0
314,1991,1112,1384,13,1
315,1991,1140,1438,-3,0
316,1991,1163,1261,-5,0
317,1991,1166,1308,-5,-1
318,1991,1181,1419,13,0
319,1991,1199,1425,3,0
320,1991,1231,1157,13,1
321,1991,1234,1190,3,-1
322,1991,1242,1309,11,1
323,1991,1301,1379,5,-1
324,1991,1329,1307,11,0
325,1991,1338,1208,5,-1
326,1991,1350,1393,-13,0
327,1991,1371,1337,11,0
328,1991,1396,1345,-3,0
329,1991,1462,1304,-11,1
330,1991,1104,1293,9,0
331,1991,1113,1353,1,0
332,1991,1116,1209,15,1
333,1991,1185,1280,-7,0
334,1991,1207,1435,1,1
335,1991,1210,1177,1,1
336,1991,1277,1453,7,1
337,1991,1314,1318,15,1
338,1991,1326,1406,15,0
339,1991,1336,1417,-9,-1
340,1991,1385,1296,9,1
341,1991,1400,1389,7,1
342,1991,1424,1285,15,1
343,1991,1428,1375,9,0
344,1991,1437,1343,-1,0
345,1991,1448,1256,7,0
346,1991,1112,1140,8,0
347,1991,1163,1462,3,0
348,1991,1181,1234,5,1
349,1991,1231,1199,5,1
350,1991,1242,1338,3,1
351,1991,1329,1301,3,0
352,1991,1371,1166,8,0
353,1991,1396,1350,5,0
354,1991,1104,1448,1,1
355,1991,1116,1113,7,1
356,1991,1185,1336,1,0
357,1991,1314,1437,8,0
358,1991,1326,1210,7,0
359,1991,1385,1400,1,0
360,1991,1424,1207,7,0
361,1991,1428,1277,1,-1
362,1991,1116,1104,3,0
363,1991,1242,1231,-1,0
364,1991,1371,1112,-1,-1
365,1991,1424,1428,3,1
366,1991,1181,1163,9,0
367,1991,1314,1185,11,1
368,1991,1385,1326,-3,0
369,1991,1396,1329,-7,1
370,1991,1242,1116,-2,0
371,1991,1424,1371,2,1
372,1991,1181,1385,2,0
373,1991,1314,1396,9,0
374,1991,1181,1424,-1,0
375,1991,1242,1314,-2,0
376,1991,1181,1242,1,0
377,1992,1104,1390,7,1
378,1992,1116,1293,11,0
379,1992,1163,1304,-1,0
380,1992,1181,1144,15,1
381,1992,1199,1285,11,0
382,1992,1207,1378,5,1
383,1992,1210,1222,3,1
384,1992,1231,1183,13,1
385,1992,1234,1400,-1,0
386,1992,1261,1140,3,0
387,1992,1272,1337,5,-1
388,1992,1281,1452,7,0
389,1992,1314,1275,9,1
390,1992,1326,1290,15,1
391,1992,1371,1247,9,1
392,1992,1425,1419,13,0
393,1992,1153,1174,9,0
394,1992,1190,1112,-11,0
395,1992,1235,1150,-3,0
396,1992,1242,1224,15,1
397,1992,1246,1330,13,0
398,1992,1257,1448,1,-1
399,1992,1269,1200,11,0
400,1992,1276,1396,5,-1
401,1992,1277,1283,7,1
402,1992,1308,1177,-7,0
403,1992,1329,1204,13,1
404,1992,1393,1343,5,0
405,1992,1408,1385,-3,-1
406,1992,1417,1352,15,1
407,1992,1418,1328,-9,0
408,1992,1431,1191,-1,0
409,1992,1181,1234,8,0
410,1992,1199,1207,3,0
411,1992,1210,1425,-5,0
412,1992,1231,1261,5,0
413,1992,1272,1116,-3,-1
414,1992,1314,1104,1,0
415,1992,1326,1163,8,0
416,1992,1371,1281,1,1
417,1992,1153,1277,1,-1
418,1992,1246,1235,8,0
419,1992,1269,1393,3,-1
420,1992,1276,1190,8,-1
421,1992,1308,1418,1,1
422,1992,1329,1408,8,1
423,1992,1417,1257,7,1
424,1992,1431,1242,-8,-1
425,1992,1181,1371,3,0
426,1992,1231,1199,1,0
427,1992,1246,1269,1,0
428,1992,1417,1308,11,0
429,1992,1153,1431,5,0
430,1992,1272,1210,1,-1
431,1992,1276,1329,-4,-1
432,1992,1326,1314,3,0
433,1992,1181,1246,1,1
434,1992,1231,1417,-1,0
435,1992,1153,1272,2,0
436,1992,1276,1326,-5,-1
437,1992,1181,1231,1,0
438,1992,1276,1153,-2,0
439,1992,1181,1276,5,1
440,1993,1116,1221,9,1
441,1993,1140,1374,3,1
442,1993,1143,1261,5,-1
443,1993,1181,1356,11,1
444,1993,1199,1191,11,0
445,1993,1228,1253,5,0
446,1993,1242,1123,13,1
447,1993,1314,1187,15,1
448,1993,1348,1345,1,0
449,1993,1365,1112,-13,-1
450,1993,1371,1398,13,1
451,1993,1385,1403,7,1
452,1993,1396,1281,3,0
453,1993,1408,1243,-5,1
454,1993,1435,1129,11,0
455,1993,1443,1272,3,-1
456,1993,1153,1164,13,1
457,1993,1203,1307,-7,0
458,1993,1231,1460,15,1
459,1993,1234,1419,9,0
460,1993,1246,1351,15,1
461,1993,1257,1174,9,0
462,1993,1269,1335,11,1
463,1993,1276,1157,15,1
464,1993,1308,1304,3,0
465,1993,1329,1266,7,1
466,1993,1380,1210,-9,-1
467,1993,1417,1235,-1,0
468,1993,1428,1338,1,0
469,1993,1438,1264,5,0
470,1993,1448,1151,7,1
471,1993,1462,1309,-1,0
472,1993,1116,1385,1,0
473,1993,1143,1181,-3,-1
474,1993,1199,1408,8,0
475,1993,1242,1140,5,0
476,1993,1314,1348,7,1
477,1993,1396,1365,8,1
478,1993,1435,1228,3,0
479,1993,1443,1371,-5,-1
480,1993,1153,1308,5,0
481,1993,1203,1380,1,0
482,1993,1231,1462,8,1
483,1993,1246,1428,7,1
484,1993,1257,1329,1,0
485,1993,1276,1417,8,0
486,1993,1438,1269,-3,-1
487,1993,1448,1234,-1,0
488,1993,1199,1443,4,1
489,1993,1231,1257,3,0
490,1993,1242,1143,4,1
491,1993,1246,1448,4,0
492,1993,1153,1438,4,1
493,1993,1276,1203,11,1
494,1993,1314,1116,3,0
495,1993,1396,1435,-4,1
496,1993,1242,1231,-1,0
497,1993,1246,1199,2,0
498,1993,1276,1396,6,0
499,1993,1314,1153,1,0
500,1993,1276,1246,0,0
501,1993,1314,1242,1,0
502,1993,1314,1276,0,0
503,1994,1104,1344,-1,0
504,1994,1163,1351,13,-1
505,1994,1196,1241,11,0
506,1994,1203,1412,-3,1
507,1994,1242,1151,9,0
508,1994,1268,1387,-3,0
509,1994,1269,1402,13,1
510,1994,1276,1337,11,1
511,1994,1281,1298,15,1
512,1994,1335,1304,-5,0
513,1994,1345,1416,15,1
514,1994,1393,1218,9,0
515,1994,1400,1443,5,-1
516,1994,1448,1158,7,1
517,1994,1453,1143,-7,-1
518,1994,1458,1153,-1,-1
519,1994,1112,1259,13,1
520,1994,1116,1299,15,1
521,1994,1130,1450,-1,0
522,1994,1181,1411,13,1
523,1994,1207,1228,-1,-1
524,1994,1231,1325,7,1
525,1994,1246,1398,11,0
526,1994,1257,1129,11,0
527,1994,1266,1418,5,1
528,1994,1277,1371,3,-1
529,1994,1278,1356,5,-1
530,1994,1314,1251,15,1
531,1994,1329,1308,9,0
532,1994,1396,1180,9,1
533,1994,1409,1417,-7,-1
534,1994,1438,1307,3,0
535,1994,1163,1203,8,-1
536,1994,1196,1335,8,-1
537,1994,1242,1448,1,0
538,1994,1268,1269,-8,-1
539,1994,1276,1400,3,1
540,1994,1281,1458,8,1
541,1994,1345,1104,8,1
542,1994,1393,1453,8,0
543,1994,1112,1438,5,0
544,1994,1116,1207,8,1
545,1994,1130,1314,-8,-1
546,1994,1181,1277,5,1
547,1994,1231,1396,-1,0
548,1994,1257,1278,3,1
549,1994,1266,1246,-3,0
550,1994,1409,1329,-8,-1
551,1994,1112,1257,1,0
552,1994,1181,1266,4,0
553,1994,1281,1393,3,1
554,1994,1345,1242,3,0
555,1994,1116,1409,11,1
556,1994,1130,1231,-4,-1
557,1994,1196,1163,-1,0
558,1994,1276,1268,7,1
559,1994,1112,1281,-1,0
560,1994,1181,1345,-1,0
561,1994,1116,1276,2,0
562,1994,1196,1130,6,0
563,1994,1116,1112,1,0
564,1994,1181,1196,1,1
565,1994,1116,1181,1,0
566,1995,1104,1335,7,0
567,1995,1113,1123,7,0
568,1995,1153,1396,3,0
569,1995,1163,1151,13,0
570,1995,1242,1159,15,1
571,1995,1246,1291,15,1
572,1995,1264,1328,-9,0
573,1995,1268,1211,11,1
574,1995,1275,1112,-7,-1
575,1995,1329,1180,9,0
576,1995,1387,1278,-1,0
577,1995,1400,1332,-5,1
578,1995,1408,1140,-1,0
579,1995,1438,1311,9,1
580,1995,1443,1276,1,0
581,1995,1448,1299,15,0
582,1995,1116,1411,13,0
583,1995,1207,1462,5,1
584,1995,1235,1196,3,-1
585,1995,1269,1389,13,1
586,1995,1272,1257,5,-1
587,1995,1280,1365,7,0
588,1995,1281,1231,1,0
589,1995,1314,1293,13,1
590,1995,1330,1437,-11,0
591,1995,1345,1453,11,0
592,1995,1390,1150,-3,0
593,1995,1393,1356,3,0
594,1995,1409,1228,5,0
595,1995,1417,1198,15,1
596,1995,1428,1253,9,0
597,1995,1451,1277,-11,-1
598,1995,1113,1264,8,0
599,1995,1163,1153,5,0
600,1995,1242,1443,7,0
601,1995,1246,1408,8,1
602,1995,1268,1400,8,0
603,1995,1329,1104,1,0
604,1995,1438,1275,8,1
605,1995,1448,1387,8,0
606,1995,1116,1393,5,0
607,1995,1207,1451,8,1
608,1995,1269,1390,8,1
609,1995,1272,1345,-3,-1
610,1995,1280,1428,-1,0
611,1995,1314,1235,5,1
612,1995,1409,1330,8,1
613,1995,1417,1281,7,0
614,1995,1163,1268,1,0
615,1995,1246,1113,4,1
616,1995,1314,1207,4,0
617,1995,1417,1280,4,1
618,1995,1116,1272,4,1
619,1995,1269,1409,4,0
620,1995,1329,1448,-3,0
621,1995,1438,1242,-3,0
622,1995,1314,1246,-1,0
623,1995,1417,1163,1,0
624,1995,1116,1438,2,0
625,1995,1329,1269,-2,0
626,1995,1116,1314,0,0
627,1995,1417,1329,3,0
628,1995,1417,1116,1,0
629,1996,1116,1336,-7,1
630,1996,1163,1159,15,0
631,1996,1180,1272,-7,0
632,1996,1185,1181,-1,0
633,1996,1208,1155,1,0
634,1996,1235,1143,7,1
635,1996,1246,1363,15,1
636,1996,1266,1284,9,0
637,1996,1269,1416,15,1
638,1996,1280,1433,7,1
639,1996,1343,1417,-9,-1
640,1996,1345,1441,15,1
641,1996,1390,1133,-1,1
642,1996,1393,1286,9,1
643,1996,1428,1145,9,1
644,1996,1439,1453,-1,-1
645,1996,1112,1434,11,1
646,1996,1130,1231,-5,-1
647,1996,1153,1422,13,1
648,1996,1207,1290,13,1
649,1996,1210,1122,11,0
650,1996,1234,1203,5,0
651,1996,1242,1354,13,1
652,1996,1257,1409,5,0
653,1996,1307,1243,3,0
654,1996,1314,1309,5,1
655,1996,1365,1268,-3,0
656,1996,1396,1328,3,0
657,1996,1400,1276,-3,0
658,1996,1403,1296,11,0
659,1996,1437,1339,11,1
660,1996,1448,1419,13,1
661,1996,1116,1266,-8,1
662,1996,1163,1185,8,1
663,1996,1208,1345,-7,-1
664,1996,1246,1439,8,1
665,1996,1269,1390,8,0
666,1996,1280,1343,8,1
667,1996,1393,1180,8,0
668,1996,1428,1235,1,0
669,1996,1112,1234,3,1
670,1996,1153,1396,5,0
671,1996,1207,1307,5,1
672,1996,1210,1130,8,0
673,1996,1242,1365,8,0
674,1996,1257,1437,-3,0
675,1996,1403,1314,3,-1
676,1996,1448,1400,8,0
677,1996,1207,1403,1,1
678,1996,1246,1428,3,0
679,1996,1269,1116,11,0
680,1996,1448,1257,4,0
681,1996,1153,1210,1,1
682,1996,1242,1112,1,0
683,1996,1280,1163,-4,0
684,1996,1393,1208,4,1
685,1996,1246,1448,1,0
686,1996,1269,1207,1,0
687,1996,1280,1153,-3,0
688,1996,1393,1242,-2,0
689,1996,1246,1269,0,0
690,1996,1393,1280,1,0
691,1996,1246,1393,3,0
692,1997,1112,1375,9,1
693,1997,1130,1434,7,0
694,1997,1143,1343,7,0
695,1997,1153,1139,11,1
696,1997,1158,1268,-7,-1
697,1997,1160,1231,-1,-1
698,1997,1234,1438,1,1
699,1997,1235,1229,5,1
700,1997,1242,1238,15,1
701,1997,1246,1285,15,1
702,1997,1314,1193,15,1
703,1997,1345,1348,1,1
704,1997,1386,1334,9,0
705,1997,1417,1149,13,1
706,1997,1437,1254,9,1
707,1997,1462,1435,3,0
708,1997,1150,1207,3,-1
709,1997,1151,1208,-11,-1
710,1997,1155,1275,9,1
711,1997,1164,1376,-13,0
712,1997,1181,1293,13,1
713,1997,1228,1425,5,0
714,1997,1257,1269,5,0
715,1997,1278,1402,15,0
716,1997,1307,1330,11,1
717,1997,1344,1266,-3,-1
718,1997,1390,1328,5,0
719,1997,1396,1279,-1,1
720,1997,1400,1458,-3,1
721,1997,1409,1131,7,1
722,1997,1428,1298,13,1
723,1997,1448,1388,11,1
724,1997,1112,1158,8,1
725,1997,1143,1437,-1,0
726,1997,1235,1153,-3,0
727,1997,1242,1345,7,0
728,1997,1246,1234,7,0
729,1997,1314,1160,8,1
730,1997,1386,1130,1,-1
731,1997,1417,1462,5,1
732,1997,1151,1228,-8,0
733,1997,1155,1409,1,0
734,1997,1257,1307,-3,0
735,1997,1278,1396,8,-1
736,1997,1344,1181,-8,-1
737,1997,1390,1448,-3,0
738,1997,1400,1164,5,1
739,1997,1428,1150,5,1
740,1997,1246,1386,3,1
741,1997,1278,1155,3,-1
742,1997,1417,1235,4,0
743,1997,1428,1390,4,0
744,1997,1112,1242,-3,0
745,1997,1257,1400,4,0
746,1997,1314,1143,4,0
747,1997,1344,1151,4,0
748,1997,1246,1428,1,0
749,1997,1278,1417,1,-1
750,1997,1112,1344,6,1
751,1997,1314,1257,5,0
752,1997,1112,1314,-3,0
753,1997,1246,1278,0,1
754,1997,1112,1246,-3,0
755,1998,1112,1311,15,1
756,1998,1116,1304,5,0
757,1998,1150,1227,1,1
758,1998,1153,1319,13,1
759,1998,1163,1192,13,0
760,1998,1228,1375,7,0
761,1998,1229,1397,-1,1
762,1998,1231,1328,3,0
763,1998,1268,1429,9,1
764,1998,1277,1185,9,0
765,1998,1314,1298,15,0
766,1998,1343,1424,7,1
767,1998,1350,1376,-11,-1
768,1998,1428,1362,11,1
769,1998,1449,1462,-5,-1
770,1998,1452,1396,-3,-1
771,1998,1178,1385,-3,0
772,1998,1181,1347,15,1
773,1998,1199,1395,-7,0
774,1998,1242,1341,15,1
775,1998,1246,1354,13,1
776,1998,1276,1172,11,0
777,1998,1307,1139,9,0
778,1998,1329,1203,1,0
779,1998,1345,1174,13,1
780,1998,1348,1293,1,0
781,1998,1387,1269,-3,-1
782,1998,1390,1158,11,0
783,1998,1393,1233,7,0
784,1998,1417,1274,5,1
785,1998,1434,1279,-9,0
786,1998,1444,1155,-5,-1
787,1998,1112,1229,8,0
788,1998,1163,1231,5,-1
789,1998,1268,1228,1,0
790,1998,1277,1343,1,-1
791,1998,1314,1150,7,0
792,1998,1428,1116,3,1
793,1998,1449,1350,3,0
794,1998,1452,1153,-8,-1
795,1998,1181,1329,7,1
796,1998,1246,1387,8,1
797,1998,1345,1178,8,1
798,1998,1348,1242,-7,0
799,1998,1390,1444,8,1
800,1998,1393,1307,-1,-1
801,1998,1417,1276,-3,1
802,1998,1434,1199,-1,1
803,1998,1112,1268,3,0
804,1998,1163,1449,9,0
805,1998,1314,1277,3,1
806,1998,1428,1452,7,1
807,1998,1181,1393,4,1
808,1998,1246,1417,4,0
809,1998,1348,1434,5,0
810,1998,1390,1345,-1,0
811,1998,1314,1163,1,1
812,1998,1428,1112,-2,0
813,1998,1246,1181,-1,0
814,1998,1390,1348,5,0
815,1998,1246,1390,1,0
816,1998,1428,1314,-2,0
817,1998,1246,1428,1,0
818,1999,1116,1373,9,1
819,1999,1120,1457,15,0
820,1999,1163,1427,15,1
821,1999,1166,1257,-3,0
822,1999,1178,1417,-7,0
823,1999,1196,1335,5,0
824,1999,1211,1278,-3,0
825,1999,1231,1203,5,0
826,1999,1234,1412,7,0
827,1999,1268,1434,13,0
828,1999,1307,1281,-1,1
829,1999,1326,1293,9,-1
830,1999,1329,1393,-1,0
831,1999,1385,1359,11,1
832,1999,1390,1108,13,1
833,1999,1451,1314,-11,-1
834,1999,1150,1348,7,0
835,1999,1153,1206,11,1
836,1999,1181,1197,15,1
837,1999,1242,1191,5,1
838,1999,1246,1308,11,1
839,1999,1274,1248,13,1
840,1999,1275,1449,-3,-1
841,1999,1277,1291,15,1
842,1999,1279,1437,-1,1
843,1999,1283,1458,-7,0
844,1999,1328,1112,-9,0
845,1999,1345,1400,-3,1
846,1999,1396,1245,5,1
847,1999,1397,1174,9,0
848,1999,1409,1158,-1,-1
849,1999,1428,1117,13,1
850,1999,1120,1329,8,-1
851,1999,1163,1307,8,0
852,1999,1196,1451,8,0
853,1999,1211,1390,-8,-1
854,1999,1234,1116,-1,-1
855,1999,1268,1166,8,1
856,1999,1326,1178,8,-1
857,1999,1385,1231,3,0
858,1999,1181,1409,8,1
859,1999,1246,1242,3,0
860,1999,1275,1428,-8,-1
861,1999,1277,1279,8,0
862,1999,1283,1397,-8,-1
863,1999,1328,1150,-8,0
864,1999,1345,1274,-8,0
865,1999,1396,1153,-3,0
866,1999,1163,1234,4,1
867,1999,1211,1196,-4,0
868,1999,1326,1120,-3,0
869,1999,1385,1268,-1,0
870,1999,1181,1283,11,1
871,1999,1246,1275,7,1
872,1999,1277,1328,12,0
873,1999,1396,1345,4,0
874,1999,1163,1211,9,1
875,1999,1326,1385,-1,-1
876,1999,1181,1396,5,0
877,1999,1277,1246,2,0
878,1999,1163,1326,3,1
879,1999,1181,1277,0,0
880,1999,1163,1181,0,0
881,2000,1112,1238,15,1
882,2000,1120,1166,3,0
883,2000,1211,1257,-3,0
884,2000,1235,1148,13,0
885,2000,1246,1382,7,1
886,2000,1261,1369,9,0
887,2000,1268,1233,11,1
888,2000,1277,1434,15,0
889,2000,1328,1457,11,0
890,2000,1345,1173,5,1
891,2000,1385,1319,13,1
892,2000,1393,1359,9,0
893,2000,1400,1232,7,1
894,2000,1417,1123,5,1
895,2000,1428,1387,1,1
896,2000,1458,1201,1,1
897,2000,1153,1423,13,1
898,2000,1163,1429,7,1
899,2000,1181,1249,15,1
900,2000,1196,1139,7,1
901,2000,1228,1335,9,-1
902,2000,1242,1177,1,1
903,2000,1274,1116,5,0
904,2000,1314,1281,1,0
905,2000,1326,1111,11,1
906,2000,1329,1220,11,1
907,2000,1337,1231,-5,-1
908,2000,1371,1332,-3,0
909,2000,1390,1354,15,1
910,2000,1396,1248,13,0
911,2000,1397,1418,9,1
912,2000,1409,1424,3,1
913,2000,1211,1385,-8,0
914,2000,1235,1120,5,-1
915,2000,1261,1400,1,-1
916,2000,1277,1428,7,0
917,2000,1345,1328,-3,0
918,2000,1393,1246,1,0
919,2000,1417,1268,-3,0
920,2000,1458,1112,-7,0
921,2000,1181,1242,7,0
922,2000,1196,1228,-1,1
923,2000,1274,1326,-3,0
924,2000,1314,1390,-7,0
925,2000,1329,1337,8,1
926,2000,1371,1396,-8,-1
927,2000,1397,1163,1,0
928,2000,1409,1153,-5,0
929,2000,1235,1417,4,-1
930,2000,1277,1393,3,0
931,2000,1345,1211,4,0
932,2000,1458,1261,-4,1
933,2000,1196,1181,-4,0
934,2000,1314,1397,-4,0
935,2000,1329,1371,7,1
936,2000,1409,1274,-1,0
937,2000,1277,1235,1,1
938,2000,1458,1345,-2,0
939,2000,1196,1329,-2,0
940,2000,1314,1409,-1,0
941,2000,1196,1314,3,0
942,2000,1277,1458,7,0
943,2000,1277,1196,4,0
944,2001,1322,1457,0,-1
945,2001,1130,1381,11,0
946,2001,1153,1140,7,1
947,2001,1181,1284,15,1
948,2001,1207,1116,-3,-1
949,2001,1209,1458,-5,-1
950,2001,1214,1235,-13,-1
951,2001,1234,1166,3,-1
952,2001,1245,1231,-9,-1
953,2001,1246,1221,13,1
954,2001,1268,1206,11,1
955,2001,1281,1208,-1,1
956,2001,1386,1210,-1,0
957,2001,1390,1422,15,1
958,2001,1417,1220,9,0
959,2001,1425,1329,5,-1
960,2001,1429,1326,-7,0
961,2001,1112,1183,13,1
962,2001,1139,1448,-3,1
963,2001,1150,1397,-1,-1
964,2001,1196,1443,11,1
965,2001,1201,1143,-1,1
966,2001,1211,1438,-7,1
967,2001,1228,1322,15,1
968,2001,1232,1328,-9,0
969,2001,1242,1169,9,1
970,2001,1277,1106,15,1
971,2001,1279,1233,11,-1
972,2001,1314,1343,13,1
973,2001,1323,1462,5,0
974,2001,1336,1344,3,0
975,2001,1393,1218,7,1
976,2001,1396,1400,-5,0
977,2001,1153,1245,8,1
978,2001,1181,1281,8,0
979,2001,1207,1214,5,0
980,2001,1246,1234,5,1
981,2001,1268,1209,8,1
982,2001,1390,1386,8,1
983,2001,1417,1429,8,0
984,2001,1425,1130,-3,0
985,2001,1112,1139,8,0
986,2001,1211,1232,1,0
987,2001,1228,1150,8,1
988,2001,1242,1393,1,0
989,2001,1277,1201,8,0
990,2001,1279,1323,3,0
991,2001,1336,1314,-5,-1
992,2001,1396,1196,-8,0
993,2001,1181,1417,3,0
994,2001,1268,1207,7,1
995,2001,1390,1153,4,0
996,2001,1425,1246,-4,-1
997,2001,1112,1279,1,1
998,2001,1228,1242,3,0
999,2001,1277,1211,11,0
1000,2001,1396,1336,-4,1
1001,2001,1181,1425,5,1
1002,2001,1268,1390,-2,0
1003,2001,1112,1228,-1,0
1004,2001,1277,1396,10,0
1005,2001,1112,1277,-1,0
1006,2001,1181,1268,2,0
1007,2001,1181,1112,1,0
1008,2002,1373,1108,0,0
1009,2002,1104,1194,13,0
1010,2002,1112,1364,11,1
1011,2002,1181,1457,15,0
1012,2002,1231,1428,7,1
1013,2002,1242,1221,15,0
1014,2002,1245,1329,-3,0
1015,2002,1246,1434,9,1
1016,2002,1281,1274,-7,1
1017,2002,1323,1150,1,0
1018,2002,1326,1172,9,1
1019,2002,1332,1285,13,0
1020,2002,1390,1443,1,0
1021,2002,1409,1266,-7,0
1022,2002,1423,1425,-9,-1
1023,2002,1448,1337,3,1
1024,2002,1461,1211,-5,-1
1025,2002,1143,1335,5,1
1026,2002,1153,1131,15,1
1027,2002,1163,1214,13,-1
1028,2002,1166,1196,-7,0
1029,2002,1208,1293,11,1
1030,2002,1228,1361,9,1
1031,2002,1268,1373,15,1
1032,2002,1280,1270,11,0
1033,2002,1301,1277,3,-1
1034,2002,1328,1227,13,1
1035,2002,1338,1148,11,0
1036,2002,1356,1403,-5,0
1037,2002,1400,1130,5,0
1038,2002,1417,1279,1,0
1039,2002,1458,1385,1,1
1040,2002,1462,1218,3,0
1041,2002,1112,1461,8,1
1042,2002,1181,1323,7,0
1043,2002,1231,1423,8,1
1044,2002,1242,1390,7,0
1045,2002,1245,1104,-8,1
1046,2002,1246,1409,8,1
1047,2002,1281,1326,-8,0
1048,2002,1332,1448,5,-1
1049,2002,1163,1301,5,0
1050,2002,1228,1166,8,0
1051,2002,1268,1458,7,0
1052,2002,1328,1462,5,0
1053,2002,1338,1143,3,-1
1054,2002,1356,1208,-8,-1
1055,2002,1400,1280,-3,1
1056,2002,1417,1153,-7,0
1057,2002,1231,1181,-4,0
1058,2002,1245,1338,-7,1
1059,2002,1281,1417,-4,0
1060,2002,1328,1112,1,0
1061,2002,1163,1356,9,0
1062,2002,1242,1228,3,0
1063,2002,1268,1246,3,0
1064,2002,1332,1400,4,-1
1065,2002,1231,1245,5,0
1066,2002,1328,1281,10,0
1067,2002,1242,1332,1,1
1068,2002,1268,1163,1,1
1069,2002,1231,1328,-3,0
1070,2002,1268,1242,0,0
1071,2002,1268,1231,4,0
1072,2003,1421,1411,0,0
1073,2003,1112,1436,15,1
1074,2003,1113,1272,-3,0
1075,2003,1141,1166,-5,-1
1076,2003,1143,1301,1,0
1077,2003,1163,1140,7,1
1078,2003,1181,1161,11,1
1079,2003,1211,1153,-1,0
1080,2003,1228,1443,9,0
1081,2003,1242,1429,13,1
1082,2003,1266,1221,11,0
1083,2003,1281,1356,5,0
1084,2003,1323,1454,7,1
1085,2003,1328,1354,15,1
1086,2003,1390,1360,9,1
1087,2003,1409,1173,-9,1
1088,2003,1458,1451,7,1
1089,2003,1120,1386,-3,0
1090,2003,1139,1280,-7,-1
1091,2003,1196,1358,13,1
1092,2003,1231,1104,3,0
1093,2003,1246,1237,15,1
1094,2003,1257,1122,9,0
1095,2003,1268,1423,5,0
1096,2003,1277,1160,3,1
1097,2003,1329,1335,5,0
1098,2003,1338,1447,13,1
1099,2003,1345,1261,-1,0
1100,2003,1393,1264,11,0
1101,2003,1400,1421,15,1
1102,2003,1428,1332,-1,0
1103,2003,1448,1190,13,1
1104,2003,1462,1407,11,1
1105,2003,1112,1211,8,0
1106,2003,1163,1390,-1,0
1107,2003,1181,1141,8,1
1108,2003,1242,1113,8,1
1109,2003,1266,1281,3,0
1110,2003,1323,1228,-1,0
1111,2003,1328,1143,7,0
1112,2003,1458,1409,8,0
1113,2003,1120,1448,-8,-1
1114,2003,1139,1257,-8,0
1115,2003,1246,1428,8,0
1116,2003,1268,1462,-3,0
1117,2003,1277,1196,-5,0
1118,2003,1338,1231,5,0
1119,2003,1393,1329,3,-1
1120,2003,1400,1345,8,1
1121,2003,1112,1323,4,0
1122,2003,1242,1181,1,0
1123,2003,1246,1458,4,0
1124,2003,1266,1338,-1,0
1125,2003,1277,1268,-1,0
1126,2003,1328,1139,11,1
1127,2003,1393,1120,7,0
1128,2003,1400,1163,4,0
1129,2003,1242,1112,-1,0
1130,2003,1266,1246,-2,0
1131,2003,1393,1328,-2,-1
1132,2003,1400,1277,6,0
1133,2003,1242,1266,1,0
1134,2003,1393,1400,-2,-1
1135,2003,1393,1242,-1,-1
1136,2004,1197,1250,0,0
1137,2004,1104,1356,1,0
1138,2004,1163,1436,13,0
1139,2004,1177,1173,3,-1
1140,2004,1181,1106,15,1
1141,2004,1211,1434,13,1
1142,2004,1264,1196,-7,0
1143,2004,1268,1431,9,1
1144,2004,1305,1277,-3,-1
1145,2004,1314,1102,5,0
1146,2004,1371,1112,1,-1
1147,2004,1386,1251,15,1
1148,2004,1390,1427,15,1
1149,2004,1393,1140,7,0
1150,2004,1400,1343,11,1
1151,2004,1403,1150,1,0
1152,2004,1448,1433,9,1
1153,2004,1130,1428,5,-1
1154,2004,1153,1190,9,0
1155,2004,1210,1320,11,0
1156,2004,1228,1293,7,1
1157,2004,1242,1227,9,1
1158,2004,1246,1197,15,1
1159,2004,1272,1376,3,1
1160,2004,1280,1284,13,1
1161,2004,1301,1418,11,1
1162,2004,1329,1186,13,1
1163,2004,1334,1344,-7,0
1164,2004,1338,1416,11,1
1165,2004,1412,1449,-1,0
1166,2004,1435,1444,5,0
1167,2004,1458,1350,5,1
1168,2004,1462,1257,3,0
1169,2004,1104,1390,-7,0
1170,2004,1163,1177,5,1
1171,2004,1181,1371,7,1
1172,2004,1305,1211,-8,-1
1173,2004,1386,1403,7,1
1174,2004,1393,1268,-1,0
1175,2004,1400,1314,3,1
1176,2004,1448,1264,8,0
1177,2004,1210,1130,3,0
1178,2004,1228,1153,-1,0
1179,2004,1242,1334,8,1
1180,2004,1329,1272,5,0
1181,2004,1338,1458,3,0
1182,2004,1412,1246,-8,-1
1183,2004,1435,1301,-3,-1
1184,2004,1462,1280,-5,0
1185,2004,1104,1393,-3,0
1186,2004,1163,1435,4,1
1187,2004,1329,1338,1,0
1188,2004,1386,1448,3,0
1189,2004,1181,1228,4,0
1190,2004,1210,1305,7,0
1191,2004,1242,1412,5,1
1192,2004,1462,1400,-4,0
1193,2004,1163,1104,6,0
1194,2004,1329,1386,-1,0
1195,2004,1181,1462,6,0
1196,2004,1210,1242,1,-1
1197,2004,1163,1181,-1,0
1198,2004,1210,1329,-1,-1
1199,2004,1163,1210,1,1
1200,2005,1324,1105,0,0
1201,2005,1112,1429,11,1
1202,2005,1130,1335,9,1
1203,2005,1153,1234,3,1
1204,2005,1211,1457,11,1
1205,2005,1228,1192,15,1
1206,2005,1246,1184,13,1
1207,2005,1305,1400,-1,0
1208,2005,1328,1310,11,0
1209,2005,1334,1338,1,0
1210,2005,1403,1417,5,1
1211,2005,1412,1261,-5,1
1212,2005,1428,1431,5,0
1213,2005,1448,1151,13,1
1214,2005,1449,1285,15,1
1215,2005,1452,1166,3,0
1216,2005,1454,1104,-7,-1
1217,2005,1137,1242,-11,-1
1218,2005,1163,1416,13,0
1219,2005,1181,1175,15,1
1220,2005,1196,1325,9,1
1221,2005,1210,1203,7,1
1222,2005,1235,1278,-1,0
1223,2005,1257,1418,9,0
1224,2005,1277,1330,7,1
1225,2005,1280,1390,-1,0
1226,2005,1301,1150,-3,0
1227,2005,1314,1324,15,1
1228,2005,1329,1368,13,1
1229,2005,1356,1388,3,1
1230,2005,1436,1393,-9,0
1231,2005,1437,1307,7,0
1232,2005,1458,1320,5,0
1233,2005,1112,1412,8,0
1234,2005,1228,1305,8,0
1235,2005,1246,1153,5,0
1236,2005,1403,1211,-3,0
1237,2005,1428,1328,-3,1
1238,2005,1449,1334,7,0
1239,2005,1452,1448,-5,-1
1240,2005,1454,1130,-8,-1
1241,2005,1181,1280,8,0
1242,2005,1257,1210,1,0
1243,2005,1277,1436,8,0
1244,2005,1301,1163,-8,0
1245,2005,1314,1235,8,1
1246,2005,1329,1356,5,0
1247,2005,1437,1196,-1,-1
1248,2005,1458,1137,8,1
1249,2005,1112,1329,-1,0
1250,2005,1228,1454,11,1
1251,2005,1257,1449,-3,0
1252,2005,1452,1403,-1,-1
1253,2005,1246,1428,4,0
1254,2005,1277,1181,-4,0
1255,2005,1314,1437,4,1
1256,2005,1458,1301,4,0
1257,2005,1228,1112,2,0
1258,2005,1257,1452,3,1
1259,2005,1277,1246,-3,0
1260,2005,1314,1458,5,0
1261,2005,1228,1257,3,0
1262,2005,1314,1277,4,0
1263,2005,1314,1228,0,0
1264,2006,1284,1214,0,0
1265,2006,1104,1266,-3,1
1266,2006,1130,1334,9,0
1267,2006,1181,1380,15,1
1268,2006,1196,1375,11,1
1269,2006,1203,1423,1,1
1270,2006,1211,1462,11,1
1271,2006,1228,1102,9,1
1272,2006,1231,1361,5,0
1273,2006,1261,1233,9,1
1274,2006,1285,1305,-7,0
1275,2006,1397,1457,13,-1
1276,2006,1401,1393,-7,-1
1277,2006,1417,1125,13,1
1278,2006,1449,1429,7,0
1279,2006,1454,1328,-5,0
1280,2006,1455,1371,3,0
1281,2006,1112,1458,1,0
1282,2006,1133,1242,-9,-1
1283,2006,1137,1116,-1,1
1284,2006,1163,1107,15,1
1285,2006,1206,1277,-5,-1
1286,2006,1207,1320,3,-1
1287,2006,1246,1412,1,0
1288,2006,1272,1331,15,0
1289,2006,1301,1143,-3,1
1290,2006,1314,1293,11,1
1291,2006,1322,1234,-11,-1
1292,2006,1326,1172,13,0
1293,2006,1338,1245,7,1
1294,2006,1400,1335,13,0
1295,2006,1437,1284,15,1
1296,2006,1452,1356,5,0
1297,2006,1130,1285,8,0
1298,2006,1181,1203,7,0
1299,2006,1196,1454,8,0
1300,2006,1211,1231,3,1
1301,2006,1261,1401,8,1
1302,2006,1417,1104,8,0
1303,2006,1449,1228,-1,0
1304,2006,1455,1397,-5,0
1305,2006,1133,1338,-8,-1
1306,2006,1163,1246,7,0
1307,2006,1206,1314,-8,-1
1308,2006,1207,1326,-5,0
1309,2006,1272,1137,8,-1
1310,2006,1400,1301,8,0
1311,2006,1437,1112,7,0
1312,2006,1452,1322,8,1
1313,2006,1261,1181,-3,0
1314,2006,1272,1133,12,0
1315,2006,1400,1452,4,0
1316,2006,1417,1211,1,0
1317,2006,1163,1449,4,0
1318,2006,1196,1207,4,1
1319,2006,1206,1455,-4,0
1320,2006,1437,1130,3,0
1321,2006,1261,1400,-2,0
1322,2006,1417,1272,-1,1
1323,2006,1196,1437,-2,0
1324,2006,1206,1163,-10,-1
1325,2006,1196,1206,8,1
1326,2006,1417,1261,2,0
1327,2006,1196,1417,-1,0
1328,2007,1310,1197,0,0
1329,2007,1130,1403,3,1
1330,2007,1139,1330,7,0
1331,2007,1207,1125,13,0
1332,2007,1231,1211,3,0
1333,2007,1257,1390,5,0
1334,2007,1268,1172,9,-1
1335,2007,1277,1266,-1,0
1336,2007,1314,1184,15,1
1337,2007,1326,1148,15,1
1338,2007,1338,1460,11,1
1339,2007,1401,1335,11,0
1340,2007,1417,1451,13,1
1341,2007,1433,1181,-5,-1
1342,2007,1435,1203,5,-1
1343,2007,1450,1331,11,-1
1344,2007,1462,1140,-1,1
1345,2007,1196,1238,15,1
1346,2007,1242,1310,15,1
1347,2007,1246,1437,1,0
1348,2007,1272,1317,13,1
1349,2007,1305,1166,3,1
1350,2007,1332,1275,11,0
1351,2007,1345,1112,-1,-1
1352,2007,1356,1221,9,1
1353,2007,1397,1253,7,1
1354,2007,1400,1308,9,1
1355,2007,1424,1210,3,0
1356,2007,1425,1116,7,-1
1357,2007,1438,1107,9,-1
1358,2007,1439,1228,7,-1
1359,2007,1457,1323,-5,1
1360,2007,1458,1394,13,1
1361,2007,1139,1268,-1,0
1362,2007,1207,1130,5,0
1363,2007,1314,1277,8,0
1364,2007,1326,1462,8,0
1365,2007,1338,1433,8,1
1366,2007,1401,1257,3,1
1367,2007,1417,1231,5,0
1368,2007,1435,1450,-3,0
1369,2007,1196,1345,8,1
1370,2007,1242,1246,7,0
1371,2007,1272,1305,5,0
1372,2007,1332,1457,8,-1
1373,2007,1356,1439,1,1
1374,2007,1397,1438,-1,1
1375,2007,1424,1458,-5,-1
1376,2007,1425,1400,-1,-1
1377,2007,1242,1356,3,0
1378,2007,1272,1401,1,0
1379,2007,1326,1397,4,0
1380,2007,1417,1338,1,0
1381,2007,1196,1139,4,1
1382,2007,1207,1435,4,1
1383,2007,1314,1425,4,1
1384,2007,1332,1424,4,0
1385,2007,1326,1272,1,0
1386,2007,1417,1242,-1,0
1387,2007,1196,1332,2,1
1388,2007,1207,1314,-1,0
1389,2007,1196,1417,1,0
1390,2007,1326,1207,1,0
1391,2007,1196,1326,0,0
1392,2008,1291,1164,0,0
1393,2008,1181,1125,13,0
1394,2008,1242,1340,15,1
1395,2008,1243,1425,-5,-1
1396,2008,1266,1246,5,0
1397,2008,1277,1396,7,1
1398,2008,1323,1206,7,1
1399,2008,1338,1331,9,0
1400,2008,1345,1124,5,1
1401,2008,1390,1165,11,1
1402,2008,1401,1140,-1,0
1403,2008,1417,1290,15,1
1404,2008,1424,1245,1,1
1405,2008,1450,1457,9,0
1406,2008,1452,1112,3,-1
1407,2008,1458,1168,11,1
1408,2008,1462,1208,11,1
1409,2008,1116,1231,-1,0
1410,2008,1139,1375,3,1
1411,2008,1172,1211,-3,0
1412,2008,1207,1420,13,1
1413,2008,1257,1129,11,1
1414,2008,1272,1426,15,1
1415,2008,1274,1388,3,0
1416,2008,1280,1332,1,-1
1417,2008,1314,1291,15,1
1418,2008,1328,1386,5,0
1419,2008,1360,1163,-9,0
1420,2008,1373,1435,-9,-1
1421,2008,1397,1110,13,1
1422,2008,1400,1122,13,1
1423,2008,1437,1155,-7,1
1424,2008,1443,1179,-7,0
1425,2008,1242,1424,7,0
1426,2008,1277,1338,-1,0
1427,2008,1390,1266,3,0
1428,2008,1417,1401,8,0
1429,2008,1450,1323,1,0
1430,2008,1452,1181,-5,-1
1431,2008,1458,1243,8,1
1432,2008,1462,1345,3,0
1433,2008,1172,1207,-8,0
1434,2008,1257,1328,3,1
1435,2008,1272,1280,7,1
1436,2008,1314,1116,8,0
1437,2008,1397,1139,5,0
1438,2008,1400,1274,5,1
1439,2008,1437,1373,1,1
1440,2008,1443,1360,1,0
1441,2008,1257,1397,-1,0
1442,2008,1314,1450,3,0
1443,2008,1417,1443,11,1
1444,2008,1462,1452,4,1
1445,2008,1172,1458,-7,0
1446,2008,1242,1437,11,0
1447,2008,1272,1277,4,0
1448,2008,1400,1390,1,0
1449,2008,1314,1257,2,0
1450,2008,1417,1462,2,0
1451,2008,1242,1172,9,0
1452,2008,1272,1400,1,0
1453,2008,1242,1314,0,0
1454,2008,1272,1417,0,0
1455,2008,1242,1272,0,0
1456,2009,1287,1106,0,0
1457,2009,1163,1151,15,1
1458,2009,1181,1127,13,1
1459,2009,1211,1103,9,1
1460,2009,1261,1139,1,-1
1461,2009,1268,1143,-3,0
1462,2009,1272,1169,13,1
1463,2009,1276,1155,-3,-1
1464,2009,1314,1347,15,1
1465,2009,1328,1288,13,1
1466,2009,1345,1320,7,1
1467,2009,1400,1278,3,1
1468,2009,1401,1140,-1,0
1469,2009,1417,1433,5,1
1470,2009,1437,1110,11,0
1471,2009,1443,1228,-7,1
1472,2009,1449,1280,9,-1
1473,2009,1112,1428,-7,1
1474,2009,1113,1396,5,-1
1475,2009,1156,1448,-9,0
1476,2009,1173,1452,-5,-1
1477,2009,1242,1295,11,1
1478,2009,1257,1287,15,1
1479,2009,1266,1429,5,1
1480,2009,1277,1352,13,1
1481,2009,1281,1165,11,-1
1482,2009,1329,1397,1,-1
1483,2009,1338,1190,15,1
1484,2009,1373,1326,-1,1
1485,2009,1393,1372,11,0
1486,2009,1425,1130,-3,1
1487,2009,1458,1199,-7,1
1488,2009,1462,1340,9,0
1489,2009,1163,1401,8,0
1490,2009,1181,1400,5,0
1491,2009,1211,1443,8,0
1492,2009,1272,1268,8,1
1493,2009,1314,1261,7,1
1494,2009,1328,1276,8,1
1495,2009,1345,1449,-1,1
1496,2009,1437,1417,3,0
1497,2009,1112,1156,1,1
1498,2009,1242,1173,8,1
1499,2009,1257,1373,8,0
1500,2009,1277,1425,8,0
1501,2009,1281,1266,3,-1
1502,2009,1338,1329,7,1
1503,2009,1393,1113,3,0
1504,2009,1462,1458,8,0
1505,2009,1163,1345,4,0
1506,2009,1281,1272,-1,-1
1507,2009,1338,1462,3,0
1508,2009,1437,1181,-1,0
1509,2009,1257,1112,11,0
1510,2009,1277,1242,1,0
1511,2009,1314,1211,3,0
1512,2009,1328,1393,1,1
1513,2009,1163,1281,2,1
1514,2009,1437,1338,-2,0
1515,2009,1277,1257,-1,0
1516,2009,1314,1328,1,0
1517,2009,1277,1163,-1,0
1518,2009,1314,1437,2,0
1519,2009,1314,1277,1,0
1520,2010,1115,1457,0,0
1521,2010,1124,1358,11,0
1522,2010,1139,1431,7,1
1523,2010,1140,1196,3,1
1524,2010,1242,1250,15,1
1525,2010,1243,1317,13,0
1526,2010,1246,1190,15,-1
1527,2010,1293,1435,-9,0
1528,2010,1307,1285,11,0
1529,2010,1320,1424,-1,1
1530,2010,1325,1207,-11,0
1531,2010,1330,1323,-5,0
1532,2010,1388,1350,-3,0
1533,2010,1397,1361,5,1
1534,2010,1437,1352,13,0
1535,2010,1448,1400,-1,0
1536,2010,1449,1266,-5,0
1537,2010,1143,1257,1,0
1538,2010,1165,1396,-7,0
1539,2010,1181,1115,15,1
1540,2010,1210,1329,-3,-1
1541,2010,1211,1199,1,0
1542,2010,1268,1222,9,1
1543,2010,1277,1308,7,1
1544,2010,1281,1155,-3,0
1545,2010,1326,1364,13,1
1546,2010,1338,1324,11,1
1547,2010,1345,1373,9,0
1548,2010,1393,1436,15,1
1549,2010,1401,1429,7,0
1550,2010,1452,1288,13,0
1551,2010,1458,1459,9,1
1552,2010,1462,1278,5,0
1553,2010,1124,1330,8,0
1554,2010,1139,1293,8,1
1555,2010,1243,1140,5,-1
1556,2010,1246,1448,8,-1
1557,2010,1320,1242,-8,0
1558,2010,1388,1437,-8,-1
1559,2010,1397,1325,8,1
1560,2010,1449,1307,-8,1
1561,2010,1165,1458,-8,0
1562,2010,1181,1143,7,0
1563,2010,1277,1268,-1,0
1564,2010,1326,1210,8,1
1565,2010,1345,1401,1,0
1566,2010,1393,1211,7,0
1567,2010,1452,1281,8,0
1568,2010,1462,1338,-3,0
1569,2010,1139,1393,-4,0
1570,2010,1243,1462,4,-1
1571,2010,1246,1165,11,-1
1572,2010,1452,1449,9,0
1573,2010,1124,1388,7,0
1574,2010,1181,1345,3,0
1575,2010,1277,1320,4,0
1576,2010,1397,1326,-4,0
1577,2010,1139,1243,-3,1
1578,2010,1452,1246,-1,1
1579,2010,1181,1124,2,1
1580,2010,1277,1397,1,0
1581,2010,1139,1277,0,0
1582,2010,1181,1452,1,0
1583,2010,1181,1139,4,0
1584,2011,1155,1412,0,1
1585,2011,1421,1114,0,0
1586,2011,1427,1106,0,0
1587,2011,1433,1425,0,0
1588,2011,1139,1330,1,0
1589,2011,1140,1459,11,0
1590,2011,1153,1281,5,-1
1591,2011,1163,1137,11,0
1592,2011,1196,1364,13,0
1593,2011,1211,1385,-5,1
1594,2011,1243,1429,7,0
1595,2011,1246,1343,9,1
1596,2011,1287,1257,-9,-1
1597,2011,1338,1421,15,1
1598,2011,1350,1435,-7,0
1599,2011,1361,1294,13,1
1600,2011,1396,1336,3,1
1601,2011,1417,1277,3,-1
1602,2011,1452,1155,7,0
1603,2011,1458,1125,9,1
1604,2011,1112,1272,7,0
1605,2011,1181,1214,15,1
1606,2011,1199,1401,-3,0
1607,2011,1206,1437,1,-1
1608,2011,1228,1424,-1,-1
1609,2011,1242,1131,15,1
1610,2011,1266,1462,-5,0
1611,2011,1276,1397,1,-1
1612,2011,1314,1254,13,0
1613,2011,1323,1103,13,1
1614,2011,1326,1427,15,1
1615,2011,1345,1389,11,1
1616,2011,1393,1232,11,1
1617,2011,1400,1324,9,0
1618,2011,1433,1207,-5,-1
1619,2011,1449,1208,3,1
1620,2011,1139,1338,-7,0
1621,2011,1140,1211,8,0
1622,2011,1163,1153,3,0
1623,2011,1196,1417,5,1
1624,2011,1246,1452,1,0
1625,2011,1350,1287,1,1
1626,2011,1361,1396,5,0
1627,2011,1458,1243,1,0
1628,2011,1112,1400,-1,-1
1629,2011,1181,1276,7,1
1630,2011,1199,1323,-8,0
1631,2011,1242,1228,8,1
1632,2011,1266,1393,-8,0
1633,2011,1314,1449,5,-1
1634,2011,1326,1206,7,1
1635,2011,1433,1345,-8,-1
1636,2011,1112,1181,-4,-1
1637,2011,1139,1458,-4,0
1638,2011,1163,1361,-1,-1
1639,2011,1196,1140,1,0
1640,2011,1242,1350,11,0
1641,2011,1246,1326,-3,0
1642,2011,1314,1266,9,-1
1643,2011,1433,1199,-1,-1
1644,2011,1139,1196,-6,0
1645,2011,1163,1112,2,0
1646,2011,1246,1314,-2,1
1647,2011,1433,1242,-10,-1
1648,2011,1139,1433,3,1
1649,2011,1163,1246,1,-1
1650,2011,1163,1139,5,-1
1651,2012,1140,1233,0,1
1652,2012,1443,1290,0,0
1653,2012,1378,1143,0,0
1654,2012,1436,1249,0,0
1655,2012,1124,1355,11,0
1656,2012,1160,1424,-5,-1
1657,2012,1211,1452,3,0
1658,2012,1231,1308,9,0
1659,2012,1235,1163,1,-1
1660,2012,1243,1379,1,1
1661,2012,1246,1443,15,1
1662,2012,1257,1172,9,1
1663,2012,1266,1140,11,0
1664,2012,1293,1161,5,0
1665,2012,1307,1253,7,0
1666,2012,1326,1259,13,1
1667,2012,1393,1421,15,0
1668,2012,1433,1455,-7,1
1669,2012,1435,1217,7,1
1670,2012,1458,1285,9,1
1671,2012,1153,1400,5,0
1672,2012,1166,1104,1,0
1673,2012,1196,1438,3,1
1674,2012,1199,1382,11,1
1675,2012,1207,1125,11,0
1676,2012,1242,1178,13,1
1677,2012,1250,1181,-13,-1
1678,2012,1277,1254,15,0
1679,2012,1301,1361,-5,-1
1680,2012,1313,1281,-13,-1
1681,2012,1314,1436,15,1
1682,2012,1325,1276,-9,-1
1683,2012,1345,1388,-3,1
1684,2012,1378,1396,-7,-1
1685,2012,1387,1272,-1,-1
1686,2012,1462,1323,-3,0
1687,2012,1124,1160,8,0
1688,2012,1231,1433,8,-1
1689,2012,1246,1235,7,1
1690,2012,1257,1307,1,1
1691,2012,1266,1293,3,1
1692,2012,1326,1211,5,0
1693,2012,1393,1243,7,0
1694,2012,1458,1435,1,0
1695,2012,1153,1199,-3,0
1696,2012,1196,1313,8,1
1697,2012,1242,1345,8,0
1698,2012,1277,1387,8,1
1699,2012,1301,1207,-8,-1
1700,2012,1314,1166,7,1
1701,2012,1325,1378,-1,0
1702,2012,1462,1250,5,1
1703,2012,1196,1266,-4,0
1704,2012,1257,1277,-3,0
1705,2012,1326,1153,4,0
1706,2012,1393,1458,3,0
1707,2012,1124,1462,7,-1
1708,2012,1242,1301,9,1
1709,2012,1246,1231,3,1
1710,2012,1314,1325,12,1
1711,2012,1257,1196,3,0
1712,2012,1326,1393,-1,0
1713,2012,1242,1314,-1,0
1714,2012,1246,1124,2,1
1715,2012,1242,1326,0,0
1716,2012,1246,1257,3,0
1717,2012,1246,1242,1,0
1718,2013,1299,1251,0,0
1719,2013,1388,1292,0,1
1720,2013,1241,1254,0,-1
1721,2013,1247,1129,0,0
1722,2013,1112,1125,5,-1
1723,2013,1139,1137,5,0
1724,2013,1143,1424,-7,0
1725,2013,1161,1281,1,0
1726,2013,1211,1380,15,1
1727,2013,1217,1307,-11,0
1728,2013,1257,1299,15,1
1729,2013,1266,1172,11,0
1730,2013,1272,1388,5,0
1731,2013,1276,1355,9,0
1732,2013,1277,1434,11,1
1733,2013,1332,1329,-7,0
1734,2013,1387,1308,9,0
1735,2013,1393,1285,9,0
1736,2013,1433,1103,7,1
1737,2013,1455,1338,-1,1
1738,2013,1166,1153,3,0
1739,2013,1181,1107,13,1
1740,2013,1195,1207,-13,-1
1741,2013,1196,1322,11,1
1742,2013,1228,1160,3,-1
1743,2013,1231,1241,15,1
1744,2013,1235,1323,-3,0
1745,2013,1242,1443,15,0
1746,2013,1247,1243,-9,-1
1747,2013,1274,1334,13,0
1748,2013,1278,1417,-5,0
1749,2013,1279,1458,-7,-1
1750,2013,1314,1437,1,1
1751,2013,1326,1233,13,0
1752,2013,1361,1328,3,1
1753,2013,1396,1301,-1,0
1754,2013,1112,1217,8,-1
1755,2013,1257,1161,7,0
1756,2013,1266,1139,3,1
1757,2013,1276,1433,1,0
1758,2013,1277,1272,3,0
1759,2013,1332,1387,-8,-1
1760,2013,1393,1143,8,0
1761,2013,1455,1211,-8,0
1762,2013,1181,1166,5,0
1763,2013,1195,1361,-8,-1
1764,2013,1196,1278,8,1
1765,2013,1231,1396,8,0
1766,2013,1242,1314,7,0
1767,2013,1247,1279,-1,0
1768,2013,1274,1228,5,0
1769,2013,1326,1235,8,0
1770,2013,1266,1274,-1,1
1771,2013,1326,1112,4,1
1772,2013,1393,1231,-3,0
1773,2013,1455,1247,4,1
1774,2013,1181,1277,1,0
1775,2013,1196,1195,12,1
1776,2013,1257,1332,11,1
1777,2013,1276,1242,-3,0
1778,2013,1393,1266,-1,0
1779,2013,1455,1326,-7,0
1780,2013,1257,1181,1,0
1781,2013,1276,1196,-1,0
1782,2013,1257,1455,8,0
1783,2013,1276,1393,0,0
1784,2013,1257,1276,3,0
1785,2014,1107,1291,0,1
1786,2014,1301,1462,0,1
1787,2014,1142,1411,0,0
1788,2014,1397,1234,0,0
1789,2014,1163,1386,3,0
1790,2014,1173,1326,-5,-1
1791,2014,1196,1107,15,0
1792,2014,1217,1153,-7,0
1793,2014,1257,1264,9,1
1794,2014,1276,1459,13,1
1795,2014,1277,1174,9,1
1796,2014,1295,1328,-7,-1
1797,2014,1332,1140,3,1
1798,2014,1338,1160,-1,0
1799,2014,1361,1308,9,0
1800,2014,1387,1301,7,0
1801,2014,1393,1444,11,1
1802,2014,1400,1113,3,0
1803,2014,1437,1454,13,1
1804,2014,1458,1110,13,1
1805,2014,1112,1451,15,1
1806,2014,1124,1304,5,0
1807,2014,1166,1418,11,1
1808,2014,1211,1329,1,0
1809,2014,1235,1300,11,1
1810,2014,1242,1184,13,1
1811,2014,1246,1243,1,-1
1812,2014,1272,1203,1,1
1813,2014,1273,1181,-11,-1
1814,2014,1314,1344,5,1
1815,2014,1372,1433,-7,-1
1816,2014,1390,1307,-3,-1
1817,2014,1397,1269,-5,0
1818,2014,1417,1409,9,1
1819,2014,1438,1157,15,0
1820,2014,1455,1142,15,1
1821,2014,1163,1437,-5,-1
1822,2014,1173,1393,-8,-1
1823,2014,1196,1338,8,0
1824,2014,1257,1387,1,0
1825,2014,1276,1400,5,1
1826,2014,1277,1217,8,0
1827,2014,1361,1295,8,1
1828,2014,1458,1332,5,0
1829,2014,1112,1211,7,0
1830,2014,1124,1166,-3,-1
1831,2014,1235,1314,3,0
1832,2014,1246,1455,-7,-1
1833,2014,1390,1242,-8,-1
1834,2014,1397,1273,3,0
1835,2014,1417,1372,8,1
1836,2014,1438,1272,7,-1
1837,2014,1112,1361,3,0
1838,2014,1173,1390,-1,0
1839,2014,1196,1417,3,0
1840,2014,1458,1124,4,1
1841,2014,1163,1235,-4,-1
1842,2014,1246,1257,-4,-1
1843,2014,1276,1397,9,1
1844,2014,1277,1438,-3,1
1845,2014,1196,1173,10,1
1846,2014,1458,1112,-1,0
1847,2014,1163,1277,-3,-1
1848,2014,1246,1276,-6,-1
1849,2014,1163,1196,-6,-1
1850,2014,1246,1458,-6,-1
1851,2014,1163,1246,1,0
1852,2015,1214,1264,0,-1
1853,2015,1279,1140,0,-1
1854,2015,1173,1129,0,1
1855,2015,1352,1316,0,0
1856,2015,1112,1411,13,0
1857,2015,1116,1459,7,-1
1858,2015,1139,1400,5,-1
1859,2015,1153,1345,1,1
1860,2015,1207,1186,9,0
1861,2015,1209,1124,-11,-1
1862,2015,1246,1214,15,1
1863,2015,1301,1261,1,1
1864,2015,1314,1217,9,0
1865,2015,1323,1318,11,0
1866,2015,1326,1433,-3,0
1867,2015,1412,1235,-11,-1
1868,2015,1417,1374,-5,1
1869,2015,1428,1372,7,-1
1870,2015,1437,1248,15,1
1871,2015,1462,1279,5,1
1872,2015,1173,1344,-5,0
1873,2015,1181,1352,15,1
1874,2015,1211,1295,13,0
1875,2015,1234,1172,3,1
1876,2015,1242,1308,13,0
1877,2015,1257,1414,9,1
1878,2015,1268,1434,9,0
1879,2015,1277,1208,3,1
1880,2015,1320,1461,7,0
1881,2015,1328,1107,11,0
1882,2015,1332,1329,1,0
1883,2015,1361,1385,1,1
1884,2015,1438,1125,13,1
1885,2015,1452,1138,7,0
1886,2015,1455,1231,3,1
1887,2015,1458,1157,15,0
1888,2015,1112,1326,8,0
1889,2015,1246,1153,7,0
1890,2015,1301,1437,-7,0
1891,2015,1314,1116,1,1
1892,2015,1323,1139,3,0
1893,2015,1417,1412,3,1
1894,2015,1428,1207,-1,0
1895,2015,1462,1209,8,1
1896,2015,1181,1361,7,0
1897,2015,1211,1234,5,0
1898,2015,1257,1320,1,1
1899,2015,1277,1438,-5,0
1900,2015,1328,1173,8,0
1901,2015,1452,1268,-1,0
1902,2015,1455,1242,-5,0
1903,2015,1458,1332,7,0
1904,2015,1112,1462,4,0
1905,2015,1246,1452,4,1
1906,2015,1323,1455,4,-1
1907,2015,1458,1314,3,0
1908,2015,1181,1428,4,1
1909,2015,1211,1417,9,0
1910,2015,1257,1301,4,0
1911,2015,1277,1328,-4,0
1912,2015,1246,1323,2,1
1913,2015,1458,1112,1,0
1914,2015,1181,1211,1,0
1915,2015,1277,1257,-3,0
1916,2015,1181,1277,6,0
1917,2015,1458,1246,0,0
1918,2015,1181,1458,0,0
1919,2016,1195,1192,0,0
1920,2016,1455,1435,0,1
1921,2016,1221,1380,0,0
1922,2016,1276,1409,0,0
1923,2016,1114,1345,-7,-1
1924,2016,1139,1403,-1,1
1925,2016,1163,1160,-1,0
1926,2016,1181,1423,9,1
1927,2016,1211,1371,-5,1
1928,2016,1231,1151,7,1
1929,2016,1235,1233,9,1
1930,2016,1242,1122,15,1
1931,2016,1246,1392,9,1
1932,2016,1274,1138,11,-1
1933,2016,1314,1195,15,1
1934,2016,1344,1425,-1,1
1935,2016,1428,1201,11,1
1936,2016,1438,1214,15,0
1937,2016,1455,1112,-5,0
1938,2016,1463,1124,-7,-1
1939,2016,1218,1143,-9,0
1940,2016,1234,1396,3,1
1941,2016,1268,1355,7,1
1942,2016,1292,1277,-13,-1
1943,2016,1320,1400,-5,0
1944,2016,1323,1276,5,1
1945,2016,1328,1167,13,1
1946,2016,1332,1221,15,1
1947,2016,1372,1452,-11,0
1948,2016,1386,1153,1,-1
1949,2016,1393,1173,-3,-1
1950,2016,1401,1453,11,0
1951,2016,1433,1333,-3,1
1952,2016,1437,1421,13,1
1953,2016,1458,1338,3,1
1954,2016,1462,1451,13,1
1955,2016,1181,1463,8,1
1956,2016,1211,1428,-8,0
1957,2016,1231,1246,-1,0
1958,2016,1235,1114,8,1
1959,2016,1242,1163,8,1
1960,2016,1274,1455,8,-1
1961,2016,1314,1344,8,0
1962,2016,1438,1139,8,0
1963,2016,1268,1218,8,1
1964,2016,1323,1372,8,0
1965,2016,1328,1433,8,0
1966,2016,1332,1386,7,1
1967,2016,1393,1292,5,0
1968,2016,1401,1320,8,-1
1969,2016,1437,1234,5,0
1970,2016,1458,1462,-5,0
1971,2016,1242,1268,4,0
1972,2016,1328,1401,1,1
1973,2016,1332,1181,3,0
1974,2016,1437,1274,1,1
1975,2016,1314,1231,4,0
1976,2016,1323,1458,1,0
1977,2016,1393,1211,1,-1
1978,2016,1438,1235,3,0
1979,2016,1328,1332,-1,0
1980,2016,1437,1242,-1,0
1981,2016,1314,1323,5,0
1982,2016,1393,1438,-9,-1
1983,2016,1314,1393,9,1
1984,2016,1437,1328,0,0
1985,2016,1437,1314,-1,0
1986,2017,1243,1448,0,0
1987,2017,1291,1309,0,0
1988,2017,1413,1300,0,0
1989,2017,1425,1344,0,0
1990,2017,1112,1315,13,1
1991,2017,1139,1457,9,1
1992,2017,1196,1190,9,0
1993,2017,1199,1195,11,-1
1994,2017,1211,1355,15,0
1995,2017,1235,1305,7,1
1996,2017,1292,1278,-7,1
1997,2017,1321,1435,1,-1
1998,2017,1323,1343,7,1
1999,2017,1345,1436,9,1
2000,2017,1388,1433,3,-1
2001,2017,1437,1291,15,1
2002,2017,1438,1423,7,0
2003,2017,1452,1137,9,1
2004,2017,1458,1439,1,1
2005,2017,1462,1268,-5,0
2006,2017,1116,1371,1,-1
2007,2017,1124,1308,11,1
2008,2017,1153,1243,5,1
2009,2017,1181,1407,13,1
2010,2017,1242,1413,15,1
2011,2017,1246,1297,13,1
2012,2017,1257,1240,13,0
2013,2017,1276,1329,3,1
2014,2017,1277,1274,-1,0
2015,2017,1314,1411,15,1
2016,2017,1332,1233,11,0
2017,2017,1348,1166,-5,0
2018,2017,1376,1266,3,0
2019,2017,1417,1245,11,0
2020,2017,1425,1374,-5,1
2021,2017,1455,1173,-3,0
2022,2017,1112,1388,5,1
2023,2017,1139,1292,8,0
2024,2017,1196,1438,1,-1
2025,2017,1211,1321,7,1
2026,2017,1345,1235,1,0
2027,2017,1452,1323,1,0
2028,2017,1458,1437,-7,0
2029,2017,1462,1199,-8,1
2030,2017,1124,1425,8,0
2031,2017,1242,1277,8,0
2032,2017,1246,1455,8,0
2033,2017,1276,1257,-5,1
2034,2017,1314,1116,7,1
2035,2017,1332,1348,8,1
2036,2017,1376,1181,-5,-1
2037,2017,1417,1153,3,-1
2038,2017,1211,1452,3,0
2039,2017,1242,1345,3,0
2040,2017,1332,1276,4,0
2041,2017,1462,1112,-9,0
2042,2017,1196,1458,4,-1
2043,2017,1246,1417,1,1
2044,2017,1314,1139,3,0
2045,2017,1376,1124,-4,-1
2046,2017,1211,1462,10,0
2047,2017,1332,1242,-2,0
2048,2017,1314,1246,1,0
2049,2017,1376,1196,-3,0
2050,2017,1211,1376,6,1
2051,2017,1314,1332,2,0
2052,2017,1314,1211,0,0
